h000000;Henri;Payet;Service après-vente
h000001;Camille;Lemaire;Marketing
h000002;Gilles;Barre;Service après-vente
h000003;Étienne;Raymond;Direction
h000004;Nath;Regnier;IT
h000005;Christine;Coste;Ressources humaines
h000006;Laure;Charrier;Ressources humaines
h000007;Chantal;Pasquier;Ventes
h000008;Alexandria;Leconte;Ressources humaines
h000009;Vincent;Launay;Service après-vente
h000010;Antoine;Chauvet;Service après-vente
h000011;Anne;Pascal;Marketing
h000012;Léon;Schmitt;Ressources humaines
h000013;Michèle;Leleu;Ressources humaines
h000014;Michèle;Dumont;Marketing
h000015;Juliette;Lemoine;Direction
h000016;Vincent;Poulain;Relations publiques
h000017;Arnaude;Clément;Marketing
h000018;Laetitia;Boucher;Direction
h000019;Luc;Blanchard;Service après-vente
h000020;Daniel;Vasseur;Ressources humaines
h000021;Aurore;Marty;IT
h000022;Guillaume;Mahe;Recherche et développement
h000023;Sabine;Hamon;Direction
h000024;Isaac;Marty;Service après-vente
h000025;Sabine;Richard;Ventes
h000026;Éric;Gomez;Marketing
h000027;Aimée;Godard;Recherche et développement
h000028;Thérèse;Pasquier;Ventes
h000029;Jean;Perrin;Marketing
h000030;Nicolas;Gonzalez;Recherche et développement
h000031;Pierre;Bertin;Ventes
h000032;Laetitia;Léger;Ventes
h000033;Roger;Raynaud;Direction
h000034;David;Lefèvre;Recherche et développement
h000035;Laurent;Rousseau;Direction
h000036;Georges;Renaud;Marketing
h000037;Constance;Bonnet;IT
h000038;Manon;Fontaine;Ventes
h000039;Émilie;Thibault;Ressources humaines
h000040;Dorothée;Collet;Relations publiques
h000041;Jeannine;Salmon;Service après-vente
h000042;Jacques;Berger;Ressources humaines
h000043;Élodie;Durand;Ressources humaines
h000044;Océane;Gay;IT
h000045;Arnaude;Le Gall;Marketing
h000046;Henriette;Maury;Direction
h000047;Élodie;Grégoire;Service après-vente
h000048;Vincent;Le Roux;Service après-vente
h000049;Thibault;Pineau;Recherche et développement
h000050;Alexandre;Weiss;Ventes
h000051;Thomas;Bousquet;Ressources humaines
h000052;Alix;Chartier;Relations publiques
h000053;Henriette;Ferrand;IT
h000054;Antoinette;Gomes;IT
h000055;Adélaïde;Samson;Marketing
h000056;Pauline;Bousquet;IT
h000057;Paulette;Allain;Marketing
h000058;Nath;Bigot;Ressources humaines
h000059;Virginie;Briand;Direction
h000060;Laurence;Petit;Direction
h000061;Alexandrie;Louis;IT
h000062;Sabine;Reynaud;Marketing
h000063;Gérard;Turpin;Ressources humaines
h000064;Suzanne;Allain;IT
h000065;Gabrielle;Mahe;Relations publiques
h000066;Marthe;Laurent;Recherche et développement
h000067;Célina;Courtois;Direction
h000068;Robert;Allain;Marketing
h000069;Adrien;Pelletier;Recherche et développement
h000070;René;Menard;IT
h000071;Stéphanie;Guyon;Marketing
h000072;Anaïs;Berger;Direction
h000073;Honoré;Bousquet;IT
h000074;Alphonse;Lefort;Relations publiques
h000075;Margaud;Duhamel;Marketing
h000076;Antoine;Cousin;Ressources humaines
h000077;Pierre;Martinez;Relations publiques
h000078;Lucas;Bonnet;Ventes
h000079;Céline;Vaillant;Service après-vente
h000080;Catherine;Blondel;Relations publiques
h000081;Jacques;Charrier;Direction
h000082;Victor;Leroy;Ventes
h000083;Jacqueline;Lecomte;Service après-vente
h000084;Caroline;Picard;Service après-vente
h000085;Margaret;Lebrun;Marketing
h000086;Patricia;Marin;Direction
h000087;Maryse;Muller;Ventes
h000088;Pauline;Valette;Ressources humaines
h000089;Susan;Renard;Ventes
h000090;Charles;Legrand;Service après-vente
h000091;Agnès;Regnier;Service après-vente
h000092;Étienne;Gérard;Direction
h000093;Denis;Perrier;Service après-vente
h000094;Corinne;Moreau;Relations publiques
h000095;François;Pereira;Direction
h000096;André;Robin;Relations publiques
h000097;Laurent;Leroux;Marketing
h000098;Michelle;Diallo;Service après-vente
h000099;Sophie;Gimenez;Ressources humaines
h000100;Honoré;Denis;Ventes
h000101;Danielle;Le Roux;IT
h000102;Hortense;Rey;Marketing
h000103;Colette;Hoareau;Service après-vente
h000104;Hugues;Huet;Ventes
h000105;Maurice;Duhamel;Ressources humaines
h000106;Victor;Vallet;Direction
h000107;Théodore;Klein;Relations publiques
h000108;Michelle;De Oliveira;Ventes
h000109;Chantal;Guillou;Marketing
h000110;Philippe;Gallet;Recherche et développement
h000111;Élodie;Bigot;Recherche et développement
h000112;Célina;Lacombe;Relations publiques
h000113;Audrey;Chauvin;Direction
h000114;Xavier;Gilles;Recherche et développement
h000115;Henriette;Descamps;Ressources humaines
h000116;Renée;Lucas;Ressources humaines
h000117;Élise;Jacob;Service après-vente
h000118;Matthieu;Marty;IT
h000119;Nathalie;Chrétien;Direction
h000120;Rémy;Pires;Service après-vente
h000121;Théophile;Garnier;IT
h000122;Bertrand;Denis;Recherche et développement
h000123;Corinne;Martineau;Marketing
h000124;Gabriel;Roux;Service après-vente
h000125;Véronique;Richard;Direction
h000126;Juliette;Dias;Service après-vente
h000127;Matthieu;Ramos;IT
h000128;Hugues;Jacques;Service après-vente
h000129;Isaac;Louis;Relations publiques
h000130;Margot;Tanguy;Direction
h000131;Françoise;Philippe;Marketing
h000132;Frédéric;Neveu;Ressources humaines
h000133;Laurence;Marques;IT
h000134;Xavier;Bonnin;IT
h000135;Agathe;Lemonnier;Recherche et développement
h000136;Manon;Bouchet;Ressources humaines
h000137;Agathe;Peltier;Service après-vente
h000138;Marcelle;Renault;Ventes
h000139;Isaac;Le Goff;Direction
h000140;Guillaume;Pasquier;Service après-vente
h000141;Augustin;Marchand;Direction
h000142;Luce;Besnard;Service après-vente
h000143;Henri;Bourgeois;Direction
h000144;Élodie;Martinez;Relations publiques
h000145;Sébastien;Vidal;Direction
h000146;Juliette;Lambert;Recherche et développement
h000147;Hortense;Fouquet;Direction
h000148;Sébastien;Lemonnier;Service après-vente
h000149;Colette;Jean;Relations publiques
h000150;Capucine;Fournier;Service après-vente
h000151;Frédéric;Parent;Service après-vente
h000152;Jean;Michel;Service après-vente
h000153;Anouk;Rousset;Recherche et développement
h000154;Alphonse;Paris;IT
h000155;Guillaume;Gérard;Recherche et développement
h000156;Noël;Dupont;IT
h000157;Auguste;Cohen;Direction
h000158;Hugues;Charrier;Direction
h000159;Monique;Hamon;Relations publiques
h000160;Zacharie;Coulon;IT
h000161;Madeleine;Bertin;Ventes
h000162;Hortense;Marty;Relations publiques
h000163;Paulette;Sauvage;Ventes
h000164;Alexandre;Valette;IT
h000165;Édith;Torres;Ventes
h000166;Valérie;Godard;Relations publiques
h000167;Laurence;Lesage;Direction
h000168;Marguerite;Girard;Recherche et développement
h000169;Martine;Julien;Ressources humaines
h000170;Thibaut;Hervé;IT
h000171;Jeannine;Rivière;Ressources humaines
h000172;Luce;Lombard;Ressources humaines
h000173;Théodore;Brunel;Service après-vente
h000174;René;Dupuy;Recherche et développement
h000175;Margot;Gaillard;Relations publiques
h000176;Arthur;Gomez;Ressources humaines
h000177;Hugues;Mendès;Ressources humaines
h000178;Aimée;Carpentier;Ventes
h000179;Margaud;Barbier;Marketing
h000180;Jules;Thomas;Ressources humaines
h000181;Josette;Tessier;Service après-vente
h000182;Lorraine;Pinto;Direction
h000183;Isabelle;Blin;Ventes
h000184;André;Leblanc;Relations publiques
h000185;Édith;Simon;Marketing
h000186;Jeannine;Carre;Marketing
h000187;Emmanuel;Gomez;Relations publiques
h000188;Nathalie;Pottier;Direction
h000189;Agathe;Torres;Recherche et développement
h000190;Nicolas;Labbé;IT
h000191;Alex;Traore;Ventes
h000192;Océane;Bouvier;Marketing
h000193;Hugues;Chevalier;IT
h000194;Anouk;Chauvet;Ressources humaines
h000195;Nicole;Bouvet;Ressources humaines
h000196;Sylvie;Picard;Relations publiques
h000197;Alexandria;Techer;Direction
h000198;Roger;Seguin;Service après-vente
h000199;Andrée;Rivière;Marketing
h000200;Laurence;Toussaint;Ressources humaines
h000201;Margot;Jean;Recherche et développement
h000202;Manon;Dumas;Direction
h000203;Margot;Peltier;Service après-vente
h000204;Alice;Boulanger;Relations publiques
h000205;Alix;Lemaire;Direction
h000206;Théodore;Schmitt;Relations publiques
h000207;Émilie;Paris;Ventes
h000208;Alexandria;Ribeiro;Ressources humaines
h000209;Suzanne;Rémy;Relations publiques
h000210;Véronique;Monnier;Direction
h000211;Nicolas;Leblanc;Recherche et développement
h000212;Christelle;Cohen;Recherche et développement
h000213;Éric;Robin;Relations publiques
h000214;Renée;Potier;IT
h000215;Jacques;Cousin;Direction
h000216;Inès;Menard;Direction
h000217;Nathalie;Bernier;Recherche et développement
h000218;Thérèse;Meyer;Marketing
h000219;Alfred;Godard;Marketing
h000220;Andrée;Duhamel;Marketing
h000221;Éric;Guillou;Relations publiques
h000222;Timothée;Marion;Service après-vente
h000223;Anouk;Roy;IT
h000224;Alfred;Monnier;Ventes
h000225;Luce;Picard;Direction
h000226;Zoé;Roy;Service après-vente
h000227;Thomas;Prévost;Recherche et développement
h000228;Isabelle;Lévy;Recherche et développement
h000229;Jérôme;Grenier;Recherche et développement
h000230;Rémy;Legrand;Ventes
h000231;Robert;Martel;Recherche et développement
h000232;Constance;Benoit;IT
h000233;Agathe;Seguin;Service après-vente
h000234;Margot;Regnier;Service après-vente
h000235;Laurence;Loiseau;Relations publiques
h000236;Lucas;Chevalier;IT
h000237;Laetitia;Joubert;IT
h000238;Noël;Ferreira;Marketing
h000239;Simone;Foucher;Ventes
h000240;Joseph;François;Service après-vente
h000241;Hortense;Leleu;Ressources humaines
h000242;Bertrand;Benard;Marketing
h000243;Hélène;Lamy;Marketing
h000244;Alain;Collet;Ventes
h000245;Stéphanie;Voisin;Service après-vente
h000246;Luc;Perrier;Service après-vente
h000247;Georges;Berthelot;Recherche et développement
h000248;Gérard;Meyer;IT
h000249;Émilie;Garcia;Ressources humaines
h000250;Pauline;Joseph;Ressources humaines
h000251;Astrid;Berger;IT
h000252;Michelle;Cordier;Direction
h000253;Charlotte;Gérard;Service après-vente
h000254;Denis;Morel;Recherche et développement
h000255;Christophe;Roche;Recherche et développement
h000256;Susanne;Morel;Ventes
h000257;Benjamin;Dos Santos;Direction
h000258;Renée;Wagner;Recherche et développement
h000259;Stéphane;Marchal;Marketing
h000260;Zoé;Weber;Marketing
h000261;Dominique;Maurice;Direction
h000262;Margaux;Gérard;Direction
h000263;Juliette;Hernandez;Direction
h000264;Alphonse;Masson;Direction
h000265;Michelle;Bouvet;Ressources humaines
h000266;Antoine;Rocher;Marketing
h000267;Anne;Rodrigues;Service après-vente
h000268;Martine;Boyer;Recherche et développement
h000269;Adélaïde;Bègue;IT
h000270;Victor;Grenier;Ventes
h000271;Arthur;Delattre;Relations publiques
h000272;Simone;Collin;Service après-vente
h000273;Arthur;Tanguy;Relations publiques
h000274;Roland;Diaz;Ressources humaines
h000275;Grégoire;Riou;Ventes
h000276;Marianne;Da Costa;Recherche et développement
h000277;Aimée;Brun;Relations publiques
h000278;Patricia;Fischer;Direction
h000279;Luc;Hardy;Relations publiques
h000280;Martine;Coulon;Direction
h000281;Susanne;Mendès;Direction
h000282;Aimée;Navarro;Recherche et développement
h000283;Arthur;Riou;IT
h000284;Victoire;Bègue;Recherche et développement
h000285;Danielle;Albert;Service après-vente
h000286;Marguerite;Renault;Marketing
h000287;Margaux;Clerc;IT
h000288;Luce;Moreau;Recherche et développement
h000289;Juliette;Lemaire;Service après-vente
h000290;Jeanne;Collin;IT
h000291;Margaret;Royer;Relations publiques
h000292;Philippine;Mallet;Marketing
h000293;Audrey;Collet;Service après-vente
h000294;Bertrand;Pottier;IT
h000295;Océane;Salmon;Direction
h000296;Margot;Delmas;Service après-vente
h000297;Gilles;Girard;Service après-vente
h000298;Gilbert;Letellier;IT
h000299;Marthe;Grondin;Marketing
h000300;Gilles;Salmon;Marketing
h000301;Odette;Delannoy;Direction
h000302;Michèle;Baron;Direction
h000303;Gilbert;Ollivier;Direction
h000304;Renée;Perrier;Ressources humaines
h000305;Élisabeth;Potier;IT
h000306;Rémy;Adam;Ventes
h000307;Xavier;Colin;Service après-vente
h000308;Alix;Grondin;Ressources humaines
h000309;Valérie;Lefebvre;Direction
h000310;Xavier;Lefebvre;Marketing
h000311;Isabelle;Chauvet;Service après-vente
h000312;Anouk;Hervé;Recherche et développement
h000313;Anouk;Ramos;Service après-vente
h000314;Michèle;Leconte;IT
h000315;René;Mathieu;Direction
h000316;Tristan;Imbert;Marketing
h000317;Noémi;Bonnin;IT
h000318;Jeanne;Hamon;Service après-vente
h000319;Anne;Pires;Direction
h000320;Philippe;Potier;Recherche et développement
h000321;Zoé;Camus;Ventes
h000322;Arthur;Lebon;Ventes
h000323;Célina;Monnier;Marketing
h000324;Marine;Le Goff;Direction
h000325;Stéphane;Jacques;Service après-vente
h000326;Laure;Gaillard;Ressources humaines
h000327;Xavier;Germain;IT
h000328;Laurence;Caron;Recherche et développement
h000329;Virginie;Gérard;Relations publiques
h000330;Martin;Guillaume;Direction
h000331;Lucie;Besnard;Recherche et développement
h000332;Emmanuel;Pinto;Direction
h000333;Marcelle;Perrier;Ressources humaines
h000334;Juliette;Leleu;Recherche et développement
h000335;Marthe;Perrot;Service après-vente
h000336;Michelle;Marty;IT
h000337;Patrick;Guyon;Service après-vente
h000338;Célina;Potier;Service après-vente
h000339;Mathilde;Gilbert;Service après-vente
h000340;Jeanne;Thomas;Ressources humaines
h000341;Corinne;Thomas;Ressources humaines
h000342;Adèle;Lelièvre;IT
h000343;Franck;Roger;IT
h000344;Emmanuelle;Roger;Marketing
h000345;Gilbert;Marin;Direction
h000346;Dorothée;Gallet;Service après-vente
h000347;Simone;Gonzalez;Service après-vente
h000348;Anaïs;Mallet;Service après-vente
h000349;François;Gomes;Marketing
h000350;Suzanne;Costa;Service après-vente
h000351;Élodie;Lévy;IT
h000352;Stéphanie;Weber;Service après-vente
h000353;Antoine;Gimenez;Direction
h000354;Alexandrie;Alves;Ventes
h000355;Michèle;Garcia;Marketing
h000356;Arthur;Leduc;Direction
h000357;Pénélope;Girard;Direction
h000358;Claudine;Rey;Recherche et développement
h000359;Thibault;Laine;Direction
h000360;Nicole;Letellier;Relations publiques
h000361;Théophile;Lefèvre;Direction
h000362;Zoé;Muller;Ventes
h000363;Georges;Besson;IT
h000364;Patricia;Barbe;Relations publiques
h000365;Colette;Mace;Direction
h000366;William;Vasseur;Direction
h000367;Diane;Bourdon;Recherche et développement
h000368;Bernadette;Pelletier;Relations publiques
h000369;Nathalie;Gomes;Marketing
h000370;Hélène;Baudry;Relations publiques
h000371;Alain;Bertrand;IT
h000372;Céline;Ferreira;IT
h000373;Paulette;Baudry;Ressources humaines
h000374;Valentine;Masse;Service après-vente
h000375;Théophile;Gautier;IT
h000376;Valérie;Faure;Recherche et développement
h000377;Laurence;Samson;Marketing
h000378;Matthieu;Bernier;Direction
h000379;Pierre;Reynaud;Marketing
h000380;Théodore;Besnard;Relations publiques
h000381;Daniel;Huet;Ressources humaines
h000382;Catherine;Olivier;Relations publiques
h000383;Hélène;Bourdon;Recherche et développement
h000384;David;Lelièvre;Direction
h000385;Laure;François;Direction
h000386;Arthur;Thierry;Ventes
h000387;Alexandrie;Garcia;Recherche et développement
h000388;Dorothée;Bonneau;Direction
h000389;Astrid;Vallée;IT
h000390;Patricia;Mercier;Marketing
h000391;Astrid;Barthelemy;Recherche et développement
h000392;Guillaume;Barbier;IT
h000393;Laurent;Louis;Ventes
h000394;Laurent;Denis;Direction
h000395;Guy;Fournier;Ventes
h000396;Guy;Techer;Direction
h000397;Clémence;Mallet;Ventes
h000398;Cécile;Petitjean;Ventes
h000399;Frédéric;Gallet;Recherche et développement
h000400;Caroline;Boulay;Recherche et développement
h000401;Élisabeth;Launay;Relations publiques
h000402;David;Briand;Relations publiques
h000403;Christine;Moreno;Ressources humaines
h000404;Guillaume;Lebreton;Marketing
h000405;Philippe;Gauthier;Ressources humaines
h000406;Claire;Delmas;Ressources humaines
h000407;Zoé;Leroux;Service après-vente
h000408;Aimé;Ollivier;IT
h000409;Suzanne;Gros;Recherche et développement
h000410;Alexandre;Hoarau;Direction
h000411;Diane;Blanchet;Direction
h000412;Susan;Petitjean;Service après-vente
h000413;Benjamin;De Oliveira;Ventes
h000414;Lucy;Monnier;Ventes
h000415;Anne;Maury;Service après-vente
h000416;Adèle;Pascal;Direction
h000417;Jacqueline;Besson;Ressources humaines
h000418;Virginie;Daniel;Marketing
h000419;Robert;Guillet;Ressources humaines
h000420;Nathalie;Gérard;Service après-vente
h000421;Emmanuelle;Marin;Marketing
h000422;Thomas;Mace;Ressources humaines
h000423;Céline;Chrétien;Marketing
h000424;Christelle;Duval;Direction
h000425;Amélie;Philippe;Direction
h000426;Gabrielle;Guillet;Recherche et développement
h000427;Patrick;Brunel;IT
h000428;Diane;Duval;Marketing
h000429;Marine;Bertrand;Recherche et développement
h000430;Christelle;Bègue;Service après-vente
h000431;Gilles;Bouvet;IT
h000432;Stéphane;Schneider;Relations publiques
h000433;Raymond;Valette;Ressources humaines
h000434;Michelle;Perrin;IT
h000435;Christelle;Lopez;Ventes
h000436;Raymond;Giraud;Ventes
h000437;Grégoire;Da Costa;Recherche et développement
h000438;Augustin;Bourgeois;Marketing
h000439;Noël;Blin;Marketing
h000440;Étienne;Fabre;IT
h000441;Benjamin;Chauveau;Ressources humaines
h000442;Richard;Muller;Marketing
h000443;Étienne;Pinto;Relations publiques
h000444;Agnès;Lesage;Marketing
h000445;Luc;Michel;Ressources humaines
h000446;Adrien;Dias;Service après-vente
h000447;Louis;Labbé;Ventes
h000448;Martine;Imbert;IT
h000449;Joseph;Boucher;Recherche et développement
h000450;Gabriel;Parent;IT
h000451;Rémy;Salmon;IT
h000452;Suzanne;Rossi;Ressources humaines
h000453;Inès;Lefort;Service après-vente
h000454;Danielle;Imbert;Ressources humaines
h000455;Margot;Benard;Relations publiques
h000456;Philippine;Huet;Relations publiques
h000457;Élodie;Blot;Recherche et développement
h000458;Claude;Roussel;Relations publiques
h000459;Marie;Blanchet;Relations publiques
h000460;Alix;Berthelot;Service après-vente
h000461;Christophe;Thibault;Direction
h000462;Michelle;Roche;Direction
h000463;Victoire;Paris;IT
h000464;Xavier;Nguyen;Direction
h000465;Édith;Launay;Service après-vente
h000466;Paulette;Charpentier;Direction
h000467;Isabelle;Rivière;Direction
h000468;Émile;Roussel;IT
h000469;Alexandre;Blanchet;Ressources humaines
h000470;Arnaude;Ribeiro;Direction
h000471;Léon;Bodin;Recherche et développement
h000472;Franck;Coste;Recherche et développement
h000473;Élise;Perrier;Ventes
h000474;Bernadette;Prévost;Ressources humaines
h000475;Laurence;Diallo;Marketing
h000476;Léon;Duval;Relations publiques
h000477;Dominique;Baudry;Marketing
h000478;Bertrand;Marin;IT
h000479;Sébastien;Millet;Recherche et développement
h000480;Valérie;Rémy;IT
h000481;Bertrand;Vallée;Recherche et développement
h000482;Élisabeth;Marchal;Relations publiques
h000483;Caroline;Maury;Recherche et développement
h000484;Margot;Barbe;Service après-vente
h000485;Olivier;Boulay;Direction
h000486;Benjamin;Pelletier;Direction
h000487;Anouk;Barbe;Relations publiques
h000488;Thérèse;Martins;Relations publiques
h000489;Célina;Lopes;Direction
h000490;Brigitte;Riou;Ressources humaines
h000491;Océane;Rodrigues;IT
h000492;Cécile;Guyot;Direction
h000493;Auguste;Roche;IT
h000494;Joséphine;Vallée;Direction
h000495;Inès;Pottier;Service après-vente
h000496;Jérôme;Grégoire;Recherche et développement
h000497;Jeanne;Aubert;Marketing
h000498;Jean;Dubois;Ventes
h000499;Pénélope;Chauvin;Recherche et développement
h000500;Capucine;Regnier;Ressources humaines
h000501;Théophile;Barbe;Relations publiques
h000502;Simone;Delorme;Ventes
h000503;Théophile;Perez;Service après-vente
h000504;Thérèse;Schmitt;Marketing
h000505;Suzanne;Gay;Recherche et développement
h000506;Eugène;Duval;Ventes
h000507;Alexandrie;Lucas;IT
h000508;Véronique;Jacques;Direction
h000509;Anaïs;Gilbert;Relations publiques
h000510;Théodore;Labbé;Marketing
h000511;Émile;Jourdan;Service après-vente
h000512;Susanne;Maurice;Service après-vente
h000513;Madeleine;Renault;Ventes
h000514;Benjamin;Pires;Direction
h000515;Michelle;Didier;Relations publiques
h000516;Georges;Fernandez;Relations publiques
h000517;Agnès;Joseph;Marketing
h000518;Noémi;Nguyen;Relations publiques
h000519;Margaux;Leduc;IT
h000520;Élisabeth;Weber;Direction
h000521;Susan;Gros;Ressources humaines
h000522;Victoire;Blanc;Direction
h000523;Émile;Allain;Ventes
h000524;Adèle;Marion;IT
h000525;Agathe;Michaud;Service après-vente
h000526;Charlotte;Collin;Direction
h000527;Émile;Arnaud;Recherche et développement
h000528;Guy;Hervé;Ventes
h000529;Michèle;Poirier;Service après-vente
h000530;Jacqueline;Garnier;Ressources humaines
h000531;René;Pages;Ventes
h000532;Aurore;Vidal;IT
h000533;Andrée;Lombard;Service après-vente
h000534;Laurent;Carpentier;Relations publiques
h000535;Timothée;Cousin;Ventes
h000536;Alfred;Menard;Marketing
h000537;Olivie;Charrier;Ressources humaines
h000538;Sylvie;Menard;Ressources humaines
h000539;Nicolas;Perret;Ventes
h000540;Michelle;Chauvet;Ressources humaines
h000541;Thibaut;Baron;Recherche et développement
h000542;Claudine;Leroy;Recherche et développement
h000543;Chantal;Labbé;Service après-vente
h000544;Tristan;Blanc;Direction
h000545;Aurélie;Barbe;Marketing
h000546;Gilbert;Leclercq;Recherche et développement
h000547;Dominique;Girard;Service après-vente
h000548;Colette;Dumas;Service après-vente
h000549;Anouk;Traore;Service après-vente
h000550;Marc;Louis;Direction
h000551;Hélène;Philippe;IT
h000552;Juliette;Maréchal;Relations publiques
h000553;William;Parent;IT
h000554;Stéphane;Laporte;Marketing
h000555;Susan;Chevalier;Ressources humaines
h000556;Colette;Auger;Ressources humaines
h000557;Gabriel;Dias;Direction
h000558;Henri;Normand;Marketing
h000559;Élise;Benard;Marketing
h000560;Victoire;Rodriguez;Relations publiques
h000561;Charlotte;Chevalier;Direction
h000562;Claude;Carlier;Recherche et développement
h000563;Marcel;Nguyen;Marketing
h000564;Christophe;Dubois;Direction
h000565;Gilbert;Alexandre;Ressources humaines
h000566;Lorraine;Noël;Ressources humaines
h000567;Colette;Tessier;Ventes
h000568;Marthe;Regnier;Relations publiques
h000569;Vincent;Mallet;Recherche et développement
h000570;Margaux;Hardy;Service après-vente
h000571;Timothée;Gros;Relations publiques
h000572;Zacharie;Barbier;Recherche et développement
h000573;Adrien;Bourdon;Recherche et développement
h000574;Anouk;Grenier;Ventes
h000575;Gérard;Martineau;Direction
h000576;Victoire;Dos Santos;Relations publiques
h000577;Christine;Fleury;Direction
h000578;Dominique;Renard;Ressources humaines
h000579;Frédéric;Da Silva;Direction
h000580;Anastasie;Bertin;Recherche et développement
h000581;Laurent;Normand;Relations publiques
h000582;Matthieu;Roussel;Recherche et développement
h000583;Émile;Pineau;Recherche et développement
h000584;Thomas;Besson;Marketing
h000585;Léon;Salmon;Service après-vente
h000586;Dominique;Richard;IT
h000587;Marianne;Guillet;Relations publiques
h000588;Vincent;Vincent;Marketing
h000589;Thibaut;Deschamps;Ventes
h000590;Alexandrie;Bertin;Direction
h000591;Zoé;Lenoir;Direction
h000592;Nathalie;Durand;Ressources humaines
h000593;Augustin;Weiss;Relations publiques
h000594;Théodore;Morin;Service après-vente
h000595;Monique;Launay;Relations publiques
h000596;Arnaude;Guillon;Service après-vente
h000597;Denise;Leduc;Direction
h000598;André;Rodrigues;Recherche et développement
h000599;Eugène;Robin;Ressources humaines
h000600;Pierre;Camus;Service après-vente
h000601;Véronique;Noël;Ventes
h000602;Gabrielle;Da Silva;Recherche et développement
h000603;Christelle;Raymond;Service après-vente
h000604;Paulette;Becker;IT
h000605;Aurélie;Aubry;IT
h000606;Diane;Morin;Recherche et développement
h000607;Joseph;Guyot;Ressources humaines
h000608;Paul;Pruvost;Ventes
h000609;Roland;Faure;Ventes
h000610;Cécile;Rémy;Ventes
h000611;Joséphine;Lefèvre;Service après-vente
h000612;Claudine;Maréchal;Marketing
h000613;François;Lesage;Direction
h000614;Christelle;Raynaud;Marketing
h000615;Maurice;Robin;Ventes
h000616;Jeannine;Valette;Direction
h000617;Charlotte;Monnier;Marketing
h000618;Guy;Roussel;Recherche et développement
h000619;Michel;Merle;Relations publiques
h000620;Honoré;Fournier;Ventes
h000621;Hélène;Normand;Service après-vente
h000622;Honoré;Royer;IT
h000623;Hugues;Joubert;Service après-vente
h000624;Geneviève;Brunet;Service après-vente
h000625;Julien;Moreau;Ressources humaines
h000626;Marie;Julien;Marketing
h000627;Émilie;Brunet;Ventes
h000628;Olivier;Alexandre;Ressources humaines
h000629;Suzanne;Martins;IT
h000630;Clémence;Texier;Ventes
h000631;Léon;Henry;Recherche et développement
h000632;Chantal;Brun;Direction
h000633;Charlotte;Faivre;Relations publiques
h000634;Patricia;Hamon;IT
h000635;Océane;Lacombe;Ventes
h000636;Bernard;Faure;Ressources humaines
h000637;Arnaude;Guyot;IT
h000638;Gabriel;Simon;Ressources humaines
h000639;Danielle;Raynaud;IT
h000640;Corinne;Nicolas;Direction
h000641;Dominique;Lefebvre;Recherche et développement
h000642;Stéphane;Valentin;Direction
h000643;Alphonse;Legendre;Service après-vente
h000644;Marcelle;Étienne;Recherche et développement
h000645;Théodore;Barbier;Marketing
h000646;Thomas;Blanchet;Direction
h000647;Margaret;Jourdan;Ressources humaines
h000648;Susan;Guilbert;Ventes
h000649;Océane;Tanguy;Recherche et développement
h000650;Alice;Robert;Relations publiques
h000651;Timothée;Foucher;Ressources humaines
h000652;Marine;Laroche;Service après-vente
h000653;Christophe;Laroche;Direction
h000654;Jean;Blondel;Ressources humaines
h000655;Manon;Chartier;Ventes
h000656;Jules;Gomes;Service après-vente
h000657;Philippine;Benard;Recherche et développement
h000658;Alix;Thomas;Service après-vente
h000659;Jérôme;Laroche;Service après-vente
h000660;Zoé;Monnier;Relations publiques
h000661;Eugène;Voisin;Marketing
h000662;Sébastien;Moulin;Service après-vente
h000663;Agnès;Moulin;Service après-vente
h000664;Nathalie;Gros;Relations publiques
h000665;Lucie;Berthelot;Relations publiques
h000666;Andrée;Mary;Ventes
h000667;Paul;Vallée;Ventes
h000668;Antoinette;Cousin;Ressources humaines
h000669;Matthieu;Parent;Direction
h000670;Bertrand;Rey;Relations publiques
h000671;Luc;Mallet;Ventes
h000672;Christophe;Millet;Direction
h000673;Josette;Peltier;IT
h000674;Isaac;Hervé;Ventes
h000675;Camille;Neveu;IT
h000676;Bernadette;Andre;Direction
h000677;Aurore;Menard;Direction
h000678;Clémence;Guillet;Marketing
h000679;Claudine;Muller;Recherche et développement
h000680;Antoinette;Weiss;IT
h000681;Adrien;Maillard;Recherche et développement
h000682;Lucie;Olivier;Relations publiques
h000683;Paul;Verdier;Ventes
h000684;Margaud;Ferreira;Service après-vente
h000685;Gilles;Marie;IT
h000686;Agnès;Dupuy;Marketing
h000687;Étienne;Leclercq;Marketing
h000688;Henri;Gilbert;Direction
h000689;Henri;Roy;Service après-vente
h000690;Thibault;Gérard;Direction
h000691;Hélène;Charles;IT
h000692;Margot;Techer;Marketing
h000693;Luce;Bodin;Ventes
h000694;Corinne;Hebert;Marketing
h000695;Nathalie;Peltier;Marketing
h000696;Marianne;Teixeira;Marketing
h000697;Luc;Dumas;IT
h000698;Anaïs;Payet;Ressources humaines
h000699;Sophie;Salmon;Relations publiques
h000700;Manon;Couturier;Recherche et développement
h000701;Philippe;Traore;Service après-vente
h000702;Renée;Delahaye;Service après-vente
h000703;Nathalie;Girard;Ressources humaines
h000704;Élisabeth;Julien;Ventes
h000705;Xavier;Renard;Recherche et développement
h000706;Vincent;Collet;Recherche et développement
h000707;Marc;Perrin;Relations publiques
h000708;Cécile;Brunet;Service après-vente
h000709;Aimée;Perez;Relations publiques
h000710;Patricia;Berger;IT
h000711;Noël;Denis;Ventes
h000712;Clémence;Raynaud;Ressources humaines
h000713;Timothée;Jean;Recherche et développement
h000714;Jeannine;Dijoux;Recherche et développement
h000715;Adrien;Bourdon;Recherche et développement
h000716;Céline;Le Roux;Service après-vente
h000717;Margaud;Fischer;Relations publiques
h000718;Daniel;Alves;Relations publiques
h000719;Georges;Fabre;IT
h000720;Margaux;Le Gall;Ressources humaines
h000721;André;Wagner;Recherche et développement
h000722;Henri;Daniel;Service après-vente
h000723;Antoine;Perrier;Ventes
h000724;Marine;Huet;Service après-vente
h000725;Laure;Dupuis;Recherche et développement
h000726;Franck;Laroche;Relations publiques
h000727;Marcel;Lambert;Marketing
h000728;William;François;IT
h000729;Guillaume;Gillet;Marketing
h000730;Madeleine;Briand;IT
h000731;Renée;Delahaye;Ventes
h000732;Lucas;Le Roux;Ressources humaines
h000733;Marc;Roussel;Marketing
h000734;Patricia;Nguyen;Relations publiques
h000735;Timothée;Meyer;Marketing
h000736;Gilles;Olivier;Direction
h000737;William;Simon;Recherche et développement
h000738;Josette;Martin;Ventes
h000739;Michel;Lefèvre;Ventes
h000740;Marcel;Leconte;Ressources humaines
h000741;Aimée;Coulon;IT
h000742;Thibaut;Berthelot;Ventes
h000743;Catherine;Da Costa;IT
h000744;Denis;Colas;Service après-vente
h000745;Élodie;Humbert;Service après-vente
h000746;Valérie;Rolland;Recherche et développement
h000747;Thomas;Benard;Marketing
h000748;Marianne;Cordier;Direction
h000749;Alix;Guyon;Recherche et développement
h000750;Isaac;Leduc;IT
h000751;Patricia;Giraud;Recherche et développement
h000752;Jeannine;Gros;IT
h000753;Matthieu;Petitjean;Marketing
h000754;Pauline;Leconte;Recherche et développement
h000755;Édouard;Launay;Marketing
h000756;Martine;Le Gall;Marketing
h000757;Charles;Chevallier;IT
h000758;Corinne;Duhamel;Relations publiques
h000759;Emmanuel;Muller;Direction
h000760;Maggie;Barbier;Ressources humaines
h000761;Valentine;Prévost;Service après-vente
h000762;Emmanuel;Guillou;IT
h000763;Guillaume;Petit;Service après-vente
h000764;Xavier;Thierry;IT
h000765;Gilbert;Grenier;Ressources humaines
h000766;Dorothée;Guillot;Marketing
h000767;Dorothée;Simon;Service après-vente
h000768;Henri;Courtois;Marketing
h000769;Hugues;Pereira;Recherche et développement
h000770;Diane;Foucher;Marketing
h000771;Monique;Martin;Ressources humaines
h000772;Anne;Gay;Direction
h000773;Honoré;Marchand;Ressources humaines
h000774;Sébastien;Martinez;IT
h000775;Georges;Valette;Ventes
h000776;Arthur;Bodin;IT
h000777;Roland;Roche;Relations publiques
h000778;Brigitte;Lambert;Service après-vente
h000779;Nathalie;Da Silva;Recherche et développement
h000780;Valérie;Maillot;Recherche et développement
h000781;Emmanuelle;Adam;Recherche et développement
h000782;Laurence;Lucas;Service après-vente
h000783;Monique;Fabre;Direction
h000784;Amélie;Guillot;Marketing
h000785;Éléonore;Dijoux;Recherche et développement
h000786;Brigitte;Besnard;IT
h000787;Marc;Lemoine;Direction
h000788;Pauline;Martin;Direction
h000789;Philippine;Blanchet;Recherche et développement
h000790;Denis;Lesage;Ventes
h000791;Henriette;Cohen;Ventes
h000792;Monique;Godard;Recherche et développement
h000793;René;Clément;Ventes
h000794;Robert;Chauveau;Service après-vente
h000795;Alain;Masson;Ressources humaines
h000796;Jean;Barre;Service après-vente
h000797;Dorothée;Morin;Service après-vente
h000798;Patrick;Barthelemy;IT
h000799;Bertrand;Gautier;Relations publiques
h000800;Audrey;Tessier;Recherche et développement
h000801;Bernard;Weber;Ventes
h000802;Gérard;Bigot;Ressources humaines
h000803;Julie;Joseph;Direction
h000804;Thibault;Bigot;Service après-vente
h000805;Jeanne;Alexandre;Recherche et développement
h000806;Michelle;Hoarau;Relations publiques
h000807;Jules;Da Costa;Recherche et développement
h000808;Capucine;Grondin;Ressources humaines
h000809;André;Léger;Ventes
h000810;Aimée;Pages;Direction
h000811;Simone;Nicolas;Relations publiques
h000812;Bernard;Joseph;Ressources humaines
h000813;Élodie;Carlier;Marketing
h000814;Philippe;Mary;Direction
h000815;Thomas;Chauveau;Ventes
h000816;Anouk;Maillard;Service après-vente
h000817;Matthieu;Mary;Service après-vente
h000818;Isaac;Mace;Ressources humaines
h000819;Éléonore;Thibault;Marketing
h000820;Lucas;Vidal;Direction
h000821;Théodore;Maillard;Marketing
h000822;Odette;Lacroix;IT
h000823;Victoire;Boulay;IT
h000824;Benjamin;Lejeune;Service après-vente
h000825;Isabelle;Turpin;IT
h000826;Alexandria;Launay;Recherche et développement
h000827;Aurélie;Barre;Service après-vente
h000828;Gabriel;Lejeune;Marketing
h000829;Élisabeth;Jacob;Ventes
h000830;Odette;Guillaume;IT
h000831;Adrien;Duhamel;Service après-vente
h000832;Adrien;Perrier;Ventes
h000833;Alex;Adam;Recherche et développement
h000834;Augustin;Grondin;Recherche et développement
h000835;François;Gautier;Marketing
h000836;Michel;Lacombe;Service après-vente
h000837;Zacharie;Allain;Recherche et développement
h000838;Jeannine;Guichard;Recherche et développement
h000839;Astrid;Peron;Relations publiques
h000840;Maurice;Barbier;Direction
h000841;André;Blot;Direction
h000842;Rémy;Chevalier;Relations publiques
h000843;Émile;Toussaint;Relations publiques
h000844;Amélie;Dupont;Marketing
h000845;Philippine;Lévy;Ventes
h000846;Charlotte;Raynaud;Marketing
h000847;Martin;Teixeira;Recherche et développement
h000848;Marc;Nicolas;Service après-vente
h000849;Luce;Grondin;Service après-vente
h000850;Julien;Maillot;Ventes
h000851;Hortense;Petitjean;Direction
h000852;Marcel;Launay;Direction
h000853;Josette;Bourdon;Direction
h000854;Jeannine;Lucas;IT
h000855;Élisabeth;Pires;Recherche et développement
h000856;Frédérique;Da Costa;Marketing
h000857;Andrée;Lamy;Relations publiques
h000858;Clémence;Guérin;Ventes
h000859;Thibault;Tessier;Marketing
h000860;Éric;Normand;Ressources humaines
h000861;Gabrielle;Blanc;Ventes
h000862;Célina;Rousseau;IT
h000863;Arthur;Prévost;Ressources humaines
h000864;Martine;Fabre;IT
h000865;Geneviève;Jean;Relations publiques
h000866;Sophie;Hardy;Recherche et développement
h000867;Anastasie;Perrot;Service après-vente
h000868;Emmanuelle;Paul;Ventes
h000869;Aimé;Neveu;Direction
h000870;Jeannine;Dumas;Direction
h000871;Élodie;Daniel;Direction
h000872;Roger;Bourgeois;Service après-vente
h000873;Aimé;Evrard;Direction
h000874;Alfred;De Oliveira;Direction
h000875;Stéphanie;Arnaud;Marketing
h000876;Laetitia;Jacquet;Direction
h000877;Michel;Imbert;Relations publiques
h000878;Louis;Martel;Direction
h000879;Margaux;Lelièvre;IT
h000880;Odette;Monnier;Relations publiques
h000881;Marine;Noël;Recherche et développement
h000882;Guy;Martineau;Recherche et développement
h000883;Constance;Neveu;Direction
h000884;Marthe;Rossi;IT
h000885;Chantal;Vallée;Ventes
h000886;Alice;Royer;Relations publiques
h000887;Sophie;Le Goff;Relations publiques
h000888;Sylvie;Millet;IT
h000889;Josette;Moreno;IT
h000890;Alexandrie;Renard;Ressources humaines
h000891;Simone;Voisin;Direction
h000892;Michelle;Bouvet;Marketing
h000893;Paul;Jean;Direction
h000894;Simone;Peltier;IT
h000895;Véronique;Benoit;Marketing
h000896;Aimée;Da Silva;Recherche et développement
h000897;Bernard;Breton;Service après-vente
h000898;Thibaut;Leleu;Ventes
h000899;Luc;Tanguy;Relations publiques
h000900;Thibault;Chrétien;Relations publiques
h000901;Henri;Caron;Relations publiques
h000902;Noémi;Le Goff;Relations publiques
h000903;Laurence;Leleu;Relations publiques
h000904;Christophe;Lopes;Marketing
h000905;Gabrielle;Picard;Relations publiques
h000906;Richard;Marchand;Recherche et développement
h000907;Luc;Monnier;Ressources humaines
h000908;Juliette;Techer;Relations publiques
h000909;Hugues;Ramos;Service après-vente
h000910;Zoé;Blin;Marketing
h000911;Frédérique;Jacquet;Relations publiques
h000912;Maurice;Fernandez;Recherche et développement
h000913;Aurore;Bernier;Recherche et développement
h000914;Manon;Blanchet;Recherche et développement
h000915;Paulette;Pelletier;Ressources humaines
h000916;Laetitia;Jourdan;Relations publiques
h000917;Margaux;Peron;Ventes
h000918;Emmanuelle;Dubois;IT
h000919;Rémy;Breton;Marketing
h000920;Joseph;Legros;Recherche et développement
h000921;Zoé;Thibault;Ressources humaines
h000922;Gabriel;Leblanc;Marketing
h000923;Claire;Dupuis;Ressources humaines
h000924;Bertrand;Rodrigues;Recherche et développement
h000925;Victoire;Poirier;Relations publiques
h000926;Raymond;Brunet;Marketing
h000927;Jules;Clerc;Relations publiques
h000928;Julie;Roy;Service après-vente
h000929;Éléonore;Olivier;Ressources humaines
h000930;Isaac;Bertin;Direction
h000931;Nath;Leconte;Recherche et développement
h000932;Luce;Marin;Direction
h000933;Véronique;Rivière;Service après-vente
h000934;Denis;Goncalves;Relations publiques
h000935;Christine;Loiseau;Recherche et développement
h000936;Gilbert;Allard;IT
h000937;Honoré;Monnier;Service après-vente
h000938;Christophe;Auger;Relations publiques
h000939;Corinne;Blanchet;Relations publiques
h000940;Juliette;Marion;Marketing
h000941;Cécile;Léger;Service après-vente
h000942;Amélie;Richard;Direction
h000943;Océane;Valette;Direction
h000944;Laetitia;Fouquet;Recherche et développement
h000945;Céline;Petit;Relations publiques
h000946;Marcel;Poulain;Recherche et développement
h000947;Mathilde;Lefort;Service après-vente
h000948;Marthe;Morvan;Ventes
h000949;Honoré;Picard;Ventes
h000950;Dorothée;Brunel;Direction
h000951;Juliette;Lacroix;Recherche et développement
h000952;Vincent;Michaud;Direction
h000953;Grégoire;Guillaume;Ventes
h000954;Paulette;Roy;Direction
h000955;Geneviève;Gomes;Service après-vente
h000956;Adélaïde;Andre;Direction
h000957;Alfred;Hoareau;Marketing
h000958;Matthieu;Dumont;Marketing
h000959;Pierre;Guillon;Recherche et développement
h000960;Vincent;Lebon;Marketing
h000961;Susan;Devaux;Recherche et développement
h000962;Marc;Dupont;IT
h000963;Simone;Maillet;IT
h000964;Arthur;Lucas;Relations publiques
h000965;Andrée;Alexandre;Relations publiques
h000966;René;Faure;IT
h000967;Camille;Martel;Ressources humaines
h000968;Brigitte;Morvan;Recherche et développement
h000969;Nathalie;Moreau;Direction
h000970;Éléonore;Perrot;Direction
h000971;Célina;Laporte;Ressources humaines
h000972;Juliette;Michel;Relations publiques
h000973;Jacqueline;Hubert;Ressources humaines
h000974;Augustin;Vincent;Service après-vente
h000975;Olivie;Thierry;Direction
h000976;Astrid;Didier;Ventes
h000977;Nath;Maillot;Recherche et développement
h000978;André;Humbert;Recherche et développement
h000979;Augustin;Dumont;Ressources humaines
h000980;Élise;Navarro;Relations publiques
h000981;François;Bonneau;Recherche et développement
h000982;Gilles;Merle;Recherche et développement
h000983;Nicole;Launay;Recherche et développement
h000984;Timothée;Ramos;Ventes
h000985;Anouk;Carlier;Marketing
h000986;Françoise;Da Silva;IT
h000987;Audrey;Fouquet;Recherche et développement
h000988;Roland;Boutin;Ressources humaines
h000989;Roland;Regnier;Direction
h000990;Suzanne;Briand;Ressources humaines
h000991;Bertrand;Rousset;Direction
h000992;Manon;Potier;Marketing
h000993;Nathalie;Gallet;Marketing
h000994;Augustin;Letellier;Service après-vente
h000995;Nathalie;Maillot;Relations publiques
h000996;Brigitte;Schneider;Relations publiques
h000997;Louis;Le Gall;Direction
h000998;Inès;Léger;Marketing
h000999;Brigitte;Chauvin;Service après-vente
h001000;Sabine;Olivier;Relations publiques
h001001;Thérèse;Marion;IT
h001002;Susan;Bousquet;Ventes
h001003;Gabrielle;Gauthier;Ressources humaines
h001004;Christine;Guibert;Relations publiques
h001005;Raymond;Techer;Service après-vente
h001006;Paulette;Blondel;Ventes
h001007;Noémi;Bousquet;Ressources humaines
h001008;Benoît;Jacques;Relations publiques
h001009;Michèle;Baudry;Service après-vente
h001010;Gabrielle;Perrin;Ventes
h001011;Manon;Mercier;Ressources humaines
h001012;Agathe;Fontaine;IT
h001013;Auguste;Adam;Service après-vente
h001014;Bertrand;Hoareau;Direction
h001015;Margaud;Gros;Marketing
h001016;Martine;Verdier;Direction
h001017;Maurice;Leblanc;Recherche et développement
h001018;Agathe;Morvan;Relations publiques
h001019;Jeanne;Marin;Direction
h001020;Valentine;Gauthier;IT
h001021;Juliette;Noël;Relations publiques
h001022;Étienne;Renaud;Direction
h001023;Audrey;Valette;Ressources humaines
,